region,year,month,case_per_capita(‰),PM2.5
中彰投,2016,1,1.54,697.63
中彰投,2016,2,2.027,853.74
中彰投,2016,3,2.053,976.35
中彰投,2016,4,1.16,959.01
中彰投,2016,5,0.987,620.66
中彰投,2016,6,0.992,348.59
中彰投,2016,7,0.976,444.52
中彰投,2016,8,0.947,603.23
中彰投,2016,9,0.98,486.02
中彰投,2016,10,0.823,848.17
中彰投,2016,11,0.965,799.58
中彰投,2016,12,1.337,859.4
中彰投,2017,1,1.584,849.25
中彰投,2017,2,1.923,882.57
中彰投,2017,3,1.75,996.47
中彰投,2017,4,1.581,821.77
中彰投,2017,5,1.192,641.86
中彰投,2017,6,0.961,333.59
中彰投,2017,7,0.976,429.25
中彰投,2017,8,1.01,488.89
中彰投,2017,9,0.841,695.03
中彰投,2017,10,1.178,668.35
中彰投,2017,11,1.199,659.1
中彰投,2017,12,1.752,803.17
中彰投,2018,1,1.852,678.86
中彰投,2018,2,1.819,830.3
中彰投,2018,3,1.924,896.59
中彰投,2018,4,1.482,862.46
中彰投,2018,5,1.087,562.28
中彰投,2018,6,0.82,447.66
中彰投,2018,7,0.947,477.04
中彰投,2018,8,0.88,376.53
中彰投,2018,9,0.879,558.32
中彰投,2018,10,1.188,638.71
中彰投,2018,11,0.994,723.68
中彰投,2018,12,1.284,583.29
中彰投,2019,1,1.615,703.2
中彰投,2019,2,1.273,742.46
中彰投,2019,3,1.291,782.07
中彰投,2019,4,1.224,672.84
中彰投,2019,5,1.035,534.7
中彰投,2019,6,0.899,274.22
中彰投,2019,7,0.947,330.63
中彰投,2019,8,0.889,418.92
中彰投,2019,9,0.901,533.8
中彰投,2019,10,1.12,738.77
中彰投,2019,11,1.292,610.51
中彰投,2019,12,1.61,517.9
北北基桃竹苗,2016,1,1.516,594.55
北北基桃竹苗,2016,2,1.7,615.9
北北基桃竹苗,2016,3,1.901,759.87
北北基桃竹苗,2016,4,1.059,883.01
北北基桃竹苗,2016,5,0.899,596.73
北北基桃竹苗,2016,6,0.871,359.42
北北基桃竹苗,2016,7,0.804,415.13
北北基桃竹苗,2016,8,0.969,433.33
北北基桃竹苗,2016,9,0.775,383.91
北北基桃竹苗,2016,10,0.86,450.71
北北基桃竹苗,2016,11,1.057,486.41
北北基桃竹苗,2016,12,1.376,546.86
北北基桃竹苗,2017,1,1.373,564.1
北北基桃竹苗,2017,2,1.886,626.35
北北基桃竹苗,2017,3,1.667,675.13
北北基桃竹苗,2017,4,1.441,698.27
北北基桃竹苗,2017,5,1.129,513.59
北北基桃竹苗,2017,6,0.906,370.13
北北基桃竹苗,2017,7,1.037,377.56
北北基桃竹苗,2017,8,0.957,439.94
北北基桃竹苗,2017,9,0.912,568.65
北北基桃竹苗,2017,10,1.024,473.27
北北基桃竹苗,2017,11,1.076,421.35
北北基桃竹苗,2017,12,1.671,544.1
北北基桃竹苗,2018,1,1.694,410.32
北北基桃竹苗,2018,2,1.518,677.44
北北基桃竹苗,2018,3,2.022,660.38
北北基桃竹苗,2018,4,1.359,743.08
北北基桃竹苗,2018,5,1.057,577.88
北北基桃竹苗,2018,6,0.871,394.68
北北基桃竹苗,2018,7,0.903,383.65
北北基桃竹苗,2018,8,0.869,394.29
北北基桃竹苗,2018,9,0.858,464.04
北北基桃竹苗,2018,10,1.126,445.26
北北基桃竹苗,2018,11,1.016,457.63
北北基桃竹苗,2018,12,1.286,420.32
北北基桃竹苗,2019,1,1.56,494.81
北北基桃竹苗,2019,2,1.189,505.45
北北基桃竹苗,2019,3,1.418,588.53
北北基桃竹苗,2019,4,1.056,566.41
北北基桃竹苗,2019,5,1.031,433.53
北北基桃竹苗,2019,6,0.845,316.47
北北基桃竹苗,2019,7,0.843,317.95
北北基桃竹苗,2019,8,0.845,334.62
北北基桃竹苗,2019,9,0.799,361.6
北北基桃竹苗,2019,10,1.012,513.53
北北基桃竹苗,2019,11,1.178,415.32
北北基桃竹苗,2019,12,1.464,384.42
宜花東,2016,1,1.015,408.25
宜花東,2016,2,1.363,513.03
宜花東,2016,3,1.696,528.68
宜花東,2016,4,0.782,559.18
宜花東,2016,5,0.788,358.85
宜花東,2016,6,0.873,252.4
宜花東,2016,7,0.619,288.17
宜花東,2016,8,0.619,332.45
宜花東,2016,9,0.463,307.36
宜花東,2016,10,0.49,281.47
宜花東,2016,11,0.844,373.2
宜花東,2016,12,0.742,455.62
宜花東,2017,1,0.951,444.74
宜花東,2017,2,1.59,510.58
宜花東,2017,3,1.649,528.53
宜花東,2017,4,0.946,496.66
宜花東,2017,5,0.63,343.85
宜花東,2017,6,0.915,277.28
宜花東,2017,7,0.782,243.53
宜花東,2017,8,0.694,355.6
宜花東,2017,9,0.916,370.53
宜花東,2017,10,0.814,394.69
宜花東,2017,11,0.977,355.1
宜花東,2017,12,1.304,474.01
宜花東,2018,1,1.794,399.59
宜花東,2018,2,1.137,434.71
宜花東,2018,3,1.321,451.01
宜花東,2018,4,0.978,447.26
宜花東,2018,5,0.863,356.75
宜花東,2018,6,0.433,282.4
宜花東,2018,7,0.754,265.24
宜花東,2018,8,0.642,259.33
宜花東,2018,9,0.828,270.94
宜花東,2018,10,0.448,381.92
宜花東,2018,11,0.716,314.64
宜花東,2018,12,1.061,310.31
宜花東,2019,1,0.866,374.64
宜花東,2019,2,0.274,348.61
宜花東,2019,3,0.725,438.68
宜花東,2019,4,0.529,390.07
宜花東,2019,5,0.555,329.86
宜花東,2019,6,0.496,263.65
宜花東,2019,7,0.534,254.5
宜花東,2019,8,0.58,248.58
宜花東,2019,9,0.428,270.94
宜花東,2019,10,0.959,433.92
宜花東,2019,11,0.685,366.35
宜花東,2019,12,1.081,299.93
雲嘉南,2016,1,2.322,931.97
雲嘉南,2016,2,2.991,1054.06
雲嘉南,2016,3,2.78,1177.21
雲嘉南,2016,4,1.932,958.1
雲嘉南,2016,5,1.38,617.95
雲嘉南,2016,6,1.191,318.41
雲嘉南,2016,7,1.147,389.67
雲嘉南,2016,8,1.478,572.55
雲嘉南,2016,9,1.435,510.85
雲嘉南,2016,10,1.409,835.55
雲嘉南,2016,11,1.583,987.9
雲嘉南,2016,12,1.945,1070.63
雲嘉南,2017,1,2.259,1046.99
雲嘉南,2017,2,2.7,1090.35
雲嘉南,2017,3,2.385,1137.05
雲嘉南,2017,4,1.839,865.55
雲嘉南,2017,5,1.665,703.76
雲嘉南,2017,6,1.454,313.23
雲嘉南,2017,7,1.622,433.03
雲嘉南,2017,8,1.396,427.4
雲嘉南,2017,9,1.421,679.85
雲嘉南,2017,10,1.75,730.09
雲嘉南,2017,11,1.863,835.94
雲嘉南,2017,12,2.683,950.83
雲嘉南,2018,1,2.353,844.26
雲嘉南,2018,2,2.061,1050.85
雲嘉南,2018,3,2.785,1002.64
雲嘉南,2018,4,2.177,859.13
雲嘉南,2018,5,1.666,521.72
雲嘉南,2018,6,1.305,444.1
雲嘉南,2018,7,1.438,411.42
雲嘉南,2018,8,1.357,327.64
雲嘉南,2018,9,1.198,566.4
雲嘉南,2018,10,1.486,862.01
雲嘉南,2018,11,1.36,930.59
雲嘉南,2018,12,1.783,773.52
雲嘉南,2019,1,2.0,1018.89
雲嘉南,2019,2,1.713,887.62
雲嘉南,2019,3,1.638,851.59
雲嘉南,2019,4,1.372,698.91
雲嘉南,2019,5,1.279,596.07
雲嘉南,2019,6,1.1,275.63
雲嘉南,2019,7,1.239,306.55
雲嘉南,2019,8,1.463,372.31
雲嘉南,2019,9,1.579,573.14
雲嘉南,2019,10,1.552,793.03
雲嘉南,2019,11,2.027,735.0
雲嘉南,2019,12,2.266,649.52
高屏,2016,1,0.944,920.09
高屏,2016,2,1.092,1052.14
高屏,2016,3,1.215,996.92
高屏,2016,4,0.634,679.06
高屏,2016,5,0.629,471.88
高屏,2016,6,0.673,241.11
高屏,2016,7,0.652,321.54
高屏,2016,8,0.653,404.44
高屏,2016,9,0.431,445.64
高屏,2016,10,0.501,672.74
高屏,2016,11,0.771,969.74
高屏,2016,12,0.805,1102.31
高屏,2017,1,0.967,1104.87
高屏,2017,2,1.164,1066.41
高屏,2017,3,0.892,1021.03
高屏,2017,4,0.851,676.15
高屏,2017,5,0.675,578.21
高屏,2017,6,0.617,285.73
高屏,2017,7,0.709,388.21
高屏,2017,8,0.585,419.06
高屏,2017,9,0.611,590.94
高屏,2017,10,0.578,732.48
高屏,2017,11,0.659,989.4
高屏,2017,12,1.037,1024.1
高屏,2018,1,1.096,973.08
高屏,2018,2,0.881,965.38
高屏,2018,3,1.115,819.83
高屏,2018,4,0.799,659.74
高屏,2018,5,0.704,403.42
高屏,2018,6,0.475,330.51
高屏,2018,7,0.522,315.56
高屏,2018,8,0.381,264.36
高屏,2018,9,0.56,471.11
高屏,2018,10,0.597,818.55
高屏,2018,11,0.6,877.95
高屏,2018,12,0.793,861.45
高屏,2019,1,1.026,1012.14
高屏,2019,2,0.764,735.9
高屏,2019,3,0.794,733.68
高屏,2019,4,0.774,630.85
高屏,2019,5,0.644,486.24
高屏,2019,6,0.564,253.59
高屏,2019,7,0.454,284.1
高屏,2019,8,0.532,322.56
高屏,2019,9,0.492,546.32
高屏,2019,10,0.717,746.58
高屏,2019,11,0.76,773.16
高屏,2019,12,0.984,676.84
